cumulative_return,annualized_return,annualized_volatility,sharpe_ratio,max_drawdown,hit_ratio,mean_abs_pricing_error
-3.730349362740526e-14,-1.9666276975117416e-14,1.6233276778779093e-14,-1.211479188282313,-4.973799150320701e-14,0.0397489539748954,3.2331180968163555e-16
