cumulative_return,annualized_return,annualized_volatility,sharpe_ratio,max_drawdown,hit_ratio,mean_abs_pricing_error,vol_scale
-895.72303290571,-472.22218471179724,8.093925867023058,-58.342785994095145,-894.4051046777677,0.0,1.8738975583801478,0.9
-3.730349362740526e-14,-1.9666276975117416e-14,1.6233276778779093e-14,-1.211479188282313,-4.973799150320701e-14,0.0397489539748954,3.2331180968163555e-16,1.0
897.2297910142662,473.01654254308613,8.074667466607622,58.58031237809138,0.0,1.0,1.8770497719963735,1.1
